{"colsample_bytree": 0.705051979426657, "learning_rate": 0.06348409107711134, "max_depth": 8, "reg_alpha": 0.018331515651137147, "reg_lambda": 0.47928274405969296, "subsample": 0.7070593162427692}