{"colsample_bytree": 0.5087696715070612, "learning_rate": 0.020180330330758944, "max_depth": 8, "n_estimators": 419, "reg_alpha": 0.18712403602636776, "reg_lambda": 9.946209389311903, "subsample": 0.5466206660004433}