{"colsample_bytree": 0.549852303407526, "learning_rate": 0.047013764552621684, "reg_alpha": 0.013670939183544938, "reg_lambda": 0.006594393518045071, "subsample": 0.5877427364231569}